Classifier,CV_Acc_Mean,CV_Acc_Std,CV_F1_Mean
Random Forest,0.9948717948717949,0.006837606837606852,0.9948712953388583
SVM (RBF),0.947008547008547,0.03435854913203724,0.946983290603496
KNN (k=7),0.9333333333333333,0.03029067546439207,0.9332470005870512
Decision Tree,0.9965811965811966,0.004187161953475503,0.9965809467599749
Gradient Boosting,0.9965811965811966,0.004187161953475503,0.9965809467599749
